date,total_vaccinations,people_vaccinated,people_fully_vaccinated,total_boosters,location,source_url,vaccine
2020-12-14,5,5,0,0,Canada,https://covid19tracker.ca/vaccinationtracker.html,"Moderna, Oxford/AstraZeneca, Pfizer/BioNTech"
2020-12-15,727,727,0,0,Canada,https://covid19tracker.ca/vaccinationtracker.html,"Moderna, Oxford/AstraZeneca, Pfizer/BioNTech"
2020-12-16,3025,3025,0,0,Canada,https://covid19tracker.ca/vaccinationtracker.html,"Moderna, Oxford/AstraZeneca, Pfizer/BioNTech"
2020-12-17,7277,7277,0,0,Canada,https://covid19tracker.ca/vaccinationtracker.html,"Moderna, Oxford/AstraZeneca, Pfizer/BioNTech"
2020-12-18,11294,11294,0,0,Canada,https://covid19tracker.ca/vaccinationtracker.html,"Moderna, Oxford/AstraZeneca, Pfizer/BioNTech"
2020-12-19,12365,12365,0,0,Canada,https://covid19tracker.ca/vaccinationtracker.html,"Moderna, Oxford/AstraZeneca, Pfizer/BioNTech"
2020-12-20,13226,13226,0,0,Canada,https://covid19tracker.ca/vaccinationtracker.html,"Moderna, Oxford/AstraZeneca, Pfizer/BioNTech"
2020-12-21,21071,21071,0,0,Canada,https://covid19tracker.ca/vaccinationtracker.html,"Moderna, Oxford/AstraZeneca, Pfizer/BioNTech"
2020-12-22,26860,26859,1,0,Canada,https://covid19tracker.ca/vaccinationtracker.html,"Moderna, Oxford/AstraZeneca, Pfizer/BioNTech"
2020-12-23,35545,35544,1,0,Canada,https://covid19tracker.ca/vaccinationtracker.html,"Moderna, Oxford/AstraZeneca, Pfizer/BioNTech"
2020-12-24,45743,45742,1,0,Canada,https://covid19tracker.ca/vaccinationtracker.html,"Moderna, Oxford/AstraZeneca, Pfizer/BioNTech"
2020-12-25,48790,48789,1,0,Canada,https://covid19tracker.ca/vaccinationtracker.html,"Moderna, Oxford/AstraZeneca, Pfizer/BioNTech"
2020-12-26,48806,48805,1,0,Canada,https://covid19tracker.ca/vaccinationtracker.html,"Moderna, Oxford/AstraZeneca, Pfizer/BioNTech"
2020-12-27,52417,52416,1,0,Canada,https://covid19tracker.ca/vaccinationtracker.html,"Moderna, Oxford/AstraZeneca, Pfizer/BioNTech"
2020-12-28,59039,59038,1,0,Canada,https://covid19tracker.ca/vaccinationtracker.html,"Moderna, Oxford/AstraZeneca, Pfizer/BioNTech"
2020-12-29,72055,72053,2,0,Canada,https://covid19tracker.ca/vaccinationtracker.html,"Moderna, Oxford/AstraZeneca, Pfizer/BioNTech"
2020-12-30,85495,85493,2,0,Canada,https://covid19tracker.ca/vaccinationtracker.html,"Moderna, Oxford/AstraZeneca, Pfizer/BioNTech"
2020-12-31,98440,98438,2,0,Canada,https://covid19tracker.ca/vaccinationtracker.html,"Moderna, Oxford/AstraZeneca, Pfizer/BioNTech"
2021-01-01,105401,105398,3,0,Canada,https://covid19tracker.ca/vaccinationtracker.html,"Moderna, Oxford/AstraZeneca, Pfizer/BioNTech"
2021-01-02,110045,110042,3,0,Canada,https://covid19tracker.ca/vaccinationtracker.html,"Moderna, Oxford/AstraZeneca, Pfizer/BioNTech"
2021-01-03,115253,115250,3,0,Canada,https://covid19tracker.ca/vaccinationtracker.html,"Moderna, Oxford/AstraZeneca, Pfizer/BioNTech"
2021-01-04,138855,138852,3,0,Canada,https://covid19tracker.ca/vaccinationtracker.html,"Moderna, Oxford/AstraZeneca, Pfizer/BioNTech"
2021-01-05,156680,156674,6,0,Canada,https://covid19tracker.ca/vaccinationtracker.html,"Moderna, Oxford/AstraZeneca, Pfizer/BioNTech"
2021-01-06,184768,184321,447,0,Canada,https://covid19tracker.ca/vaccinationtracker.html,"Moderna, Oxford/AstraZeneca, Pfizer/BioNTech"
2021-01-07,221908,220485,1423,0,Canada,https://covid19tracker.ca/vaccinationtracker.html,"Moderna, Oxford/AstraZeneca, Pfizer/BioNTech"
2021-01-08,263775,261082,2693,0,Canada,https://covid19tracker.ca/vaccinationtracker.html,"Moderna, Oxford/AstraZeneca, Pfizer/BioNTech"
2021-01-09,299984,296049,3935,0,Canada,https://covid19tracker.ca/vaccinationtracker.html,"Moderna, Oxford/AstraZeneca, Pfizer/BioNTech"
2021-01-10,323492,319541,3951,0,Canada,https://covid19tracker.ca/vaccinationtracker.html,"Moderna, Oxford/AstraZeneca, Pfizer/BioNTech"
2021-01-11,361835,357873,3962,0,Canada,https://covid19tracker.ca/vaccinationtracker.html,"Moderna, Oxford/AstraZeneca, Pfizer/BioNTech"
2021-01-12,393046,387531,5515,0,Canada,https://covid19tracker.ca/vaccinationtracker.html,"Moderna, Oxford/AstraZeneca, Pfizer/BioNTech"
2021-01-13,423359,410074,13285,0,Canada,https://covid19tracker.ca/vaccinationtracker.html,"Moderna, Oxford/AstraZeneca, Pfizer/BioNTech"
2021-01-14,465999,449644,16355,0,Canada,https://covid19tracker.ca/vaccinationtracker.html,"Moderna, Oxford/AstraZeneca, Pfizer/BioNTech"
2021-01-15,515472,496060,19412,0,Canada,https://covid19tracker.ca/vaccinationtracker.html,"Moderna, Oxford/AstraZeneca, Pfizer/BioNTech"
2021-01-16,553354,532758,20596,0,Canada,https://covid19tracker.ca/vaccinationtracker.html,"Moderna, Oxford/AstraZeneca, Pfizer/BioNTech"
2021-01-17,581949,560095,21854,0,Canada,https://covid19tracker.ca/vaccinationtracker.html,"Moderna, Oxford/AstraZeneca, Pfizer/BioNTech"
2021-01-18,623244,600655,22589,0,Canada,https://covid19tracker.ca/vaccinationtracker.html,"Moderna, Oxford/AstraZeneca, Pfizer/BioNTech"
2021-01-19,662629,637790,24839,0,Canada,https://covid19tracker.ca/vaccinationtracker.html,"Moderna, Oxford/AstraZeneca, Pfizer/BioNTech"
2021-01-20,705970,667979,37991,0,Canada,https://covid19tracker.ca/vaccinationtracker.html,"Moderna, Oxford/AstraZeneca, Pfizer/BioNTech"
2021-01-21,749064,705273,43791,0,Canada,https://covid19tracker.ca/vaccinationtracker.html,"Moderna, Oxford/AstraZeneca, Pfizer/BioNTech"
2021-01-22,787090,736964,50126,0,Canada,https://covid19tracker.ca/vaccinationtracker.html,"Moderna, Oxford/AstraZeneca, Pfizer/BioNTech"
2021-01-23,814574,760066,54508,0,Canada,https://covid19tracker.ca/vaccinationtracker.html,"Moderna, Oxford/AstraZeneca, Pfizer/BioNTech"
2021-01-24,829250,772083,57167,0,Canada,https://covid19tracker.ca/vaccinationtracker.html,"Moderna, Oxford/AstraZeneca, Pfizer/BioNTech"
2021-01-25,852699,787295,65404,0,Canada,https://covid19tracker.ca/vaccinationtracker.html,"Moderna, Oxford/AstraZeneca, Pfizer/BioNTech"
2021-01-26,882356,808733,73623,0,Canada,https://covid19tracker.ca/vaccinationtracker.html,"Moderna, Oxford/AstraZeneca, Pfizer/BioNTech"
2021-01-27,905474,822301,83173,0,Canada,https://covid19tracker.ca/vaccinationtracker.html,"Moderna, Oxford/AstraZeneca, Pfizer/BioNTech"
2021-01-28,930492,837380,93112,0,Canada,https://covid19tracker.ca/vaccinationtracker.html,"Moderna, Oxford/AstraZeneca, Pfizer/BioNTech"
2021-01-29,952268,849714,102554,0,Canada,https://covid19tracker.ca/vaccinationtracker.html,"Moderna, Oxford/AstraZeneca, Pfizer/BioNTech"
2021-01-30,967422,856356,111066,0,Canada,https://covid19tracker.ca/vaccinationtracker.html,"Moderna, Oxford/AstraZeneca, Pfizer/BioNTech"
2021-01-31,972594,858973,113621,0,Canada,https://covid19tracker.ca/vaccinationtracker.html,"Moderna, Oxford/AstraZeneca, Pfizer/BioNTech"
2021-02-01,990906,872702,118204,0,Canada,https://covid19tracker.ca/vaccinationtracker.html,"Moderna, Oxford/AstraZeneca, Pfizer/BioNTech"
2021-02-02,1002521,879383,123138,0,Canada,https://covid19tracker.ca/vaccinationtracker.html,"Moderna, Oxford/AstraZeneca, Pfizer/BioNTech"
2021-02-03,1016188,883697,132491,0,Canada,https://covid19tracker.ca/vaccinationtracker.html,"Moderna, Oxford/AstraZeneca, Pfizer/BioNTech"
2021-02-04,1035765,890719,145046,0,Canada,https://covid19tracker.ca/vaccinationtracker.html,"Moderna, Oxford/AstraZeneca, Pfizer/BioNTech"
2021-02-05,1059337,900966,158371,0,Canada,https://covid19tracker.ca/vaccinationtracker.html,"Moderna, Oxford/AstraZeneca, Pfizer/BioNTech"
2021-02-06,1080951,908817,172134,0,Canada,https://covid19tracker.ca/vaccinationtracker.html,"Moderna, Oxford/AstraZeneca, Pfizer/BioNTech"
2021-02-07,1094806,914880,179926,0,Canada,https://covid19tracker.ca/vaccinationtracker.html,"Moderna, Oxford/AstraZeneca, Pfizer/BioNTech"
2021-02-08,1116223,925346,190877,0,Canada,https://covid19tracker.ca/vaccinationtracker.html,"Moderna, Oxford/AstraZeneca, Pfizer/BioNTech"
2021-02-09,1143028,934792,208236,0,Canada,https://covid19tracker.ca/vaccinationtracker.html,"Moderna, Oxford/AstraZeneca, Pfizer/BioNTech"
2021-02-10,1172952,944479,228473,0,Canada,https://covid19tracker.ca/vaccinationtracker.html,"Moderna, Oxford/AstraZeneca, Pfizer/BioNTech"
2021-02-11,1206681,957126,249552,3,Canada,https://covid19tracker.ca/vaccinationtracker.html,"Moderna, Oxford/AstraZeneca, Pfizer/BioNTech"
2021-02-12,1244157,971179,272973,5,Canada,https://covid19tracker.ca/vaccinationtracker.html,"Moderna, Oxford/AstraZeneca, Pfizer/BioNTech"
2021-02-13,1278190,983849,294336,5,Canada,https://covid19tracker.ca/vaccinationtracker.html,"Moderna, Oxford/AstraZeneca, Pfizer/BioNTech"
2021-02-14,1294426,986204,308217,5,Canada,https://covid19tracker.ca/vaccinationtracker.html,"Moderna, Oxford/AstraZeneca, Pfizer/BioNTech"
2021-02-15,1305077,987923,317149,5,Canada,https://covid19tracker.ca/vaccinationtracker.html,"Moderna, Oxford/AstraZeneca, Pfizer/BioNTech"
2021-02-16,1331034,996470,334559,5,Canada,https://covid19tracker.ca/vaccinationtracker.html,"Moderna, Oxford/AstraZeneca, Pfizer/BioNTech"
2021-02-17,1352489,1001406,351078,5,Canada,https://covid19tracker.ca/vaccinationtracker.html,"Moderna, Oxford/AstraZeneca, Pfizer/BioNTech"
2021-02-18,1380029,1009187,370837,5,Canada,https://covid19tracker.ca/vaccinationtracker.html,"Moderna, Oxford/AstraZeneca, Pfizer/BioNTech"
2021-02-19,1430524,1034966,395551,7,Canada,https://covid19tracker.ca/vaccinationtracker.html,"Moderna, Oxford/AstraZeneca, Pfizer/BioNTech"
2021-02-20,1482353,1069009,413333,11,Canada,https://covid19tracker.ca/vaccinationtracker.html,"Moderna, Oxford/AstraZeneca, Pfizer/BioNTech"
2021-02-21,1523659,1097787,425860,12,Canada,https://covid19tracker.ca/vaccinationtracker.html,"Moderna, Oxford/AstraZeneca, Pfizer/BioNTech"
2021-02-22,1585884,1127795,458076,13,Canada,https://covid19tracker.ca/vaccinationtracker.html,"Moderna, Oxford/AstraZeneca, Pfizer/BioNTech"
2021-02-23,1635533,1158551,476969,13,Canada,https://covid19tracker.ca/vaccinationtracker.html,"Moderna, Oxford/AstraZeneca, Pfizer/BioNTech"
2021-02-24,1682109,1190363,491733,13,Canada,https://covid19tracker.ca/vaccinationtracker.html,"Moderna, Oxford/AstraZeneca, Pfizer/BioNTech"
2021-02-25,1740974,1232110,508851,13,Canada,https://covid19tracker.ca/vaccinationtracker.html,"Moderna, Oxford/AstraZeneca, Pfizer/BioNTech"
2021-02-26,1809387,1287648,521726,13,Canada,https://covid19tracker.ca/vaccinationtracker.html,"Moderna, Oxford/AstraZeneca, Pfizer/BioNTech"
2021-02-27,1871722,1341884,529825,13,Canada,https://covid19tracker.ca/vaccinationtracker.html,"Moderna, Oxford/AstraZeneca, Pfizer/BioNTech"
2021-02-28,1917684,1382127,535544,13,Canada,https://covid19tracker.ca/vaccinationtracker.html,"Moderna, Oxford/AstraZeneca, Pfizer/BioNTech"
2021-03-01,1977468,1428475,548980,13,Canada,https://covid19tracker.ca/vaccinationtracker.html,"Moderna, Oxford/AstraZeneca, Pfizer/BioNTech"
2021-03-02,2053026,1493345,559668,13,Canada,https://covid19tracker.ca/vaccinationtracker.html,"Moderna, Oxford/AstraZeneca, Pfizer/BioNTech"
2021-03-03,2128238,1561467,566758,13,Canada,https://covid19tracker.ca/vaccinationtracker.html,"Moderna, Oxford/AstraZeneca, Pfizer/BioNTech"
2021-03-04,2207955,1635927,572015,13,Canada,https://covid19tracker.ca/vaccinationtracker.html,"Moderna, Oxford/AstraZeneca, Pfizer/BioNTech"
2021-03-05,2294555,1718962,575580,13,Canada,https://covid19tracker.ca/vaccinationtracker.html,"Moderna, Oxford/AstraZeneca, Pfizer/BioNTech"
2021-03-06,2368396,1790343,578040,13,Canada,https://covid19tracker.ca/vaccinationtracker.html,"Moderna, Oxford/AstraZeneca, Pfizer/BioNTech"
2021-03-07,2425613,1845914,579686,13,Canada,https://covid19tracker.ca/vaccinationtracker.html,"Moderna, Oxford/AstraZeneca, Pfizer/BioNTech"
2021-03-08,2512281,1922537,589731,13,Canada,https://covid19tracker.ca/vaccinationtracker.html,"Moderna, Oxford/AstraZeneca, Pfizer/BioNTech"
2021-03-09,2583157,1989302,593840,15,Canada,https://covid19tracker.ca/vaccinationtracker.html,"Moderna, Oxford/AstraZeneca, Pfizer/BioNTech"
2021-03-10,2662648,2063378,599255,15,Canada,https://covid19tracker.ca/vaccinationtracker.html,"Moderna, Oxford/AstraZeneca, Pfizer/BioNTech"
2021-03-11,2761520,2157172,604333,15,Canada,https://covid19tracker.ca/vaccinationtracker.html,"Moderna, Oxford/AstraZeneca, Pfizer/BioNTech"
2021-03-12,2873928,2266087,607826,15,Canada,https://covid19tracker.ca/vaccinationtracker.html,"Moderna, Oxford/AstraZeneca, Pfizer/BioNTech"
2021-03-13,2980284,2369445,610822,17,Canada,https://covid19tracker.ca/vaccinationtracker.html,"Moderna, Oxford/AstraZeneca, Pfizer/BioNTech"
2021-03-14,3073314,2460521,612776,17,Canada,https://covid19tracker.ca/vaccinationtracker.html,"Moderna, Oxford/AstraZeneca, Pfizer/BioNTech"
2021-03-15,3198133,2579953,618163,17,Canada,https://covid19tracker.ca/vaccinationtracker.html,"Moderna, Oxford/AstraZeneca, Pfizer/BioNTech"
2021-03-16,3320058,2697364,622676,18,Canada,https://covid19tracker.ca/vaccinationtracker.html,"Moderna, Oxford/AstraZeneca, Pfizer/BioNTech"
2021-03-17,3461470,2833294,628157,19,Canada,https://covid19tracker.ca/vaccinationtracker.html,"Moderna, Oxford/AstraZeneca, Pfizer/BioNTech"
2021-03-18,3619088,2985232,633837,19,Canada,https://covid19tracker.ca/vaccinationtracker.html,"Moderna, Oxford/AstraZeneca, Pfizer/BioNTech"
2021-03-19,3784558,3144157,640382,19,Canada,https://covid19tracker.ca/vaccinationtracker.html,"Moderna, Oxford/AstraZeneca, Pfizer/BioNTech"
2021-03-20,3918502,3272950,645532,20,Canada,https://covid19tracker.ca/vaccinationtracker.html,"Moderna, Oxford/AstraZeneca, Pfizer/BioNTech"
2021-03-21,4009094,3360341,648733,20,Canada,https://covid19tracker.ca/vaccinationtracker.html,"Moderna, Oxford/AstraZeneca, Pfizer/BioNTech"
2021-03-22,4155459,3503265,652174,20,Canada,https://covid19tracker.ca/vaccinationtracker.html,"Moderna, Oxford/AstraZeneca, Pfizer/BioNTech"
2021-03-23,4282324,3625490,656813,21,Canada,https://covid19tracker.ca/vaccinationtracker.html,"Moderna, Oxford/AstraZeneca, Pfizer/BioNTech"
2021-03-24,4455236,3793297,661917,22,Canada,https://covid19tracker.ca/vaccinationtracker.html,"Moderna, Oxford/AstraZeneca, Pfizer/BioNTech"
2021-03-25,4646822,3977932,668868,22,Canada,https://covid19tracker.ca/vaccinationtracker.html,"Moderna, Oxford/AstraZeneca, Pfizer/BioNTech"
2021-03-26,4865891,4188375,677494,22,Canada,https://covid19tracker.ca/vaccinationtracker.html,"Moderna, Oxford/AstraZeneca, Pfizer/BioNTech"
2021-03-27,5036243,4352226,683994,23,Canada,https://covid19tracker.ca/vaccinationtracker.html,"Moderna, Oxford/AstraZeneca, Pfizer/BioNTech"
2021-03-28,5184744,4496556,688165,23,Canada,https://covid19tracker.ca/vaccinationtracker.html,"Moderna, Oxford/AstraZeneca, Pfizer/BioNTech"
2021-03-29,5373531,4679382,694126,23,Canada,https://covid19tracker.ca/vaccinationtracker.html,"Moderna, Oxford/AstraZeneca, Pfizer/BioNTech"
2021-03-30,5548618,4846079,702516,23,Canada,https://covid19tracker.ca/vaccinationtracker.html,"Moderna, Oxford/AstraZeneca, Pfizer/BioNTech"
2021-03-31,5773474,5062390,711061,23,Canada,https://covid19tracker.ca/vaccinationtracker.html,"Moderna, Oxford/AstraZeneca, Pfizer/BioNTech"
2021-04-01,5983230,5261349,721857,24,Canada,https://covid19tracker.ca/vaccinationtracker.html,"Moderna, Oxford/AstraZeneca, Pfizer/BioNTech"
2021-04-02,6154771,5426527,728220,24,Canada,https://covid19tracker.ca/vaccinationtracker.html,"Moderna, Oxford/AstraZeneca, Pfizer/BioNTech"
2021-04-03,6349710,5617878,731806,26,Canada,https://covid19tracker.ca/vaccinationtracker.html,"Moderna, Oxford/AstraZeneca, Pfizer/BioNTech"
2021-04-04,6471148,5738438,732683,27,Canada,https://covid19tracker.ca/vaccinationtracker.html,"Moderna, Oxford/AstraZeneca, Pfizer/BioNTech"
2021-04-05,6653303,5907261,746015,27,Canada,https://covid19tracker.ca/vaccinationtracker.html,"Moderna, Oxford/AstraZeneca, Pfizer/BioNTech"
2021-04-06,6856238,6098177,758033,28,Canada,https://covid19tracker.ca/vaccinationtracker.html,"Moderna, Oxford/AstraZeneca, Pfizer/BioNTech"
2021-04-07,7091892,6316024,775840,28,Canada,https://covid19tracker.ca/vaccinationtracker.html,"Moderna, Oxford/AstraZeneca, Pfizer/BioNTech"
2021-04-08,7351777,6557613,794136,28,Canada,https://covid19tracker.ca/vaccinationtracker.html,"Moderna, Oxford/AstraZeneca, Pfizer/BioNTech"
2021-04-09,7656246,6842721,813497,28,Canada,https://covid19tracker.ca/vaccinationtracker.html,"Moderna, Oxford/AstraZeneca, Pfizer/BioNTech"
2021-04-10,7899922,7069719,830175,28,Canada,https://covid19tracker.ca/vaccinationtracker.html,"Moderna, Oxford/AstraZeneca, Pfizer/BioNTech"
2021-04-11,8083317,7248118,835170,29,Canada,https://covid19tracker.ca/vaccinationtracker.html,"Moderna, Oxford/AstraZeneca, Pfizer/BioNTech"
2021-04-12,8420621,7566236,854355,30,Canada,https://covid19tracker.ca/vaccinationtracker.html,"Moderna, Oxford/AstraZeneca, Pfizer/BioNTech"
2021-04-13,8693579,7824234,869314,31,Canada,https://covid19tracker.ca/vaccinationtracker.html,"Moderna, Oxford/AstraZeneca, Pfizer/BioNTech"
2021-04-14,8992911,8109626,883253,32,Canada,https://covid19tracker.ca/vaccinationtracker.html,"Moderna, Oxford/AstraZeneca, Pfizer/BioNTech"
2021-04-15,9302512,8402444,900036,32,Canada,https://covid19tracker.ca/vaccinationtracker.html,"Moderna, Oxford/AstraZeneca, Pfizer/BioNTech"
2021-04-16,9625277,8717553,907690,34,Canada,https://covid19tracker.ca/vaccinationtracker.html,"Moderna, Oxford/AstraZeneca, Pfizer/BioNTech"
2021-04-17,9880486,8948733,931719,34,Canada,https://covid19tracker.ca/vaccinationtracker.html,"Moderna, Oxford/AstraZeneca, Pfizer/BioNTech"
2021-04-18,10081503,9144153,937315,35,Canada,https://covid19tracker.ca/vaccinationtracker.html,"Moderna, Oxford/AstraZeneca, Pfizer/BioNTech"
2021-04-19,10344484,9386765,957682,37,Canada,https://covid19tracker.ca/vaccinationtracker.html,"Moderna, Oxford/AstraZeneca, Pfizer/BioNTech"
2021-04-20,10583888,9614268,969582,38,Canada,https://covid19tracker.ca/vaccinationtracker.html,"Moderna, Oxford/AstraZeneca, Pfizer/BioNTech"
2021-04-21,10902949,9919722,983186,41,Canada,https://covid19tracker.ca/vaccinationtracker.html,"Moderna, Oxford/AstraZeneca, Pfizer/BioNTech"
2021-04-22,11269094,10267909,1001142,43,Canada,https://covid19tracker.ca/vaccinationtracker.html,"Moderna, Oxford/AstraZeneca, Pfizer/BioNTech"
2021-04-23,11633797,10613538,1020210,49,Canada,https://covid19tracker.ca/vaccinationtracker.html,"Moderna, Oxford/AstraZeneca, Pfizer/BioNTech"
2021-04-24,11923127,10887022,1036054,51,Canada,https://covid19tracker.ca/vaccinationtracker.html,"Moderna, Oxford/AstraZeneca, Pfizer/BioNTech"
2021-04-25,12155861,11109993,1045816,52,Canada,https://covid19tracker.ca/vaccinationtracker.html,"Moderna, Oxford/AstraZeneca, Pfizer/BioNTech"
2021-04-26,12419473,11364532,1054886,55,Canada,https://covid19tracker.ca/vaccinationtracker.html,"Moderna, Oxford/AstraZeneca, Pfizer/BioNTech"
2021-04-27,12681822,11606127,1075637,58,Canada,https://covid19tracker.ca/vaccinationtracker.html,"Moderna, Oxford/AstraZeneca, Pfizer/BioNTech"
2021-04-28,12947657,11855497,1092098,62,Canada,https://covid19tracker.ca/vaccinationtracker.html,"Moderna, Oxford/AstraZeneca, Pfizer/BioNTech"
2021-04-29,13254302,12141141,1113097,64,Canada,https://covid19tracker.ca/vaccinationtracker.html,"Moderna, Oxford/AstraZeneca, Pfizer/BioNTech"
2021-04-30,13536870,12405704,1131099,67,Canada,https://covid19tracker.ca/vaccinationtracker.html,"Moderna, Oxford/AstraZeneca, Pfizer/BioNTech"
2021-05-01,13771449,12621188,1150188,73,Canada,https://covid19tracker.ca/vaccinationtracker.html,"Moderna, Oxford/AstraZeneca, Pfizer/BioNTech"
2021-05-02,13944940,12783179,1161684,77,Canada,https://covid19tracker.ca/vaccinationtracker.html,"Moderna, Oxford/AstraZeneca, Pfizer/BioNTech"
2021-05-03,14172190,13001687,1170424,79,Canada,https://covid19tracker.ca/vaccinationtracker.html,"Moderna, Oxford/AstraZeneca, Pfizer/BioNTech"
2021-05-04,14407146,13216765,1190296,85,Canada,https://covid19tracker.ca/vaccinationtracker.html,"Moderna, Oxford/AstraZeneca, Pfizer/BioNTech"
2021-05-05,14694025,13485180,1208754,91,Canada,https://covid19tracker.ca/vaccinationtracker.html,"Moderna, Oxford/AstraZeneca, Pfizer/BioNTech"
2021-05-06,15053945,13822114,1231733,98,Canada,https://covid19tracker.ca/vaccinationtracker.html,"Moderna, Oxford/AstraZeneca, Pfizer/BioNTech"
2021-05-07,15454058,14196398,1257554,106,Canada,https://covid19tracker.ca/vaccinationtracker.html,"Moderna, Oxford/AstraZeneca, Pfizer/BioNTech"
2021-05-08,15783958,14505683,1278167,108,Canada,https://covid19tracker.ca/vaccinationtracker.html,"Moderna, Oxford/AstraZeneca, Pfizer/BioNTech"
2021-05-09,16056931,14770248,1286571,112,Canada,https://covid19tracker.ca/vaccinationtracker.html,"Moderna, Oxford/AstraZeneca, Pfizer/BioNTech"
2021-05-10,16393723,15088831,1304779,113,Canada,https://covid19tracker.ca/vaccinationtracker.html,"Moderna, Oxford/AstraZeneca, Pfizer/BioNTech"
2021-05-11,16697673,15372965,1324590,118,Canada,https://covid19tracker.ca/vaccinationtracker.html,"Moderna, Oxford/AstraZeneca, Pfizer/BioNTech"
2021-05-12,17048402,15699504,1348778,120,Canada,https://covid19tracker.ca/vaccinationtracker.html,"Moderna, Oxford/AstraZeneca, Pfizer/BioNTech"
2021-05-13,17445738,16067839,1377775,124,Canada,https://covid19tracker.ca/vaccinationtracker.html,"Moderna, Oxford/AstraZeneca, Pfizer/BioNTech"
2021-05-14,17880844,16467577,1413140,127,Canada,https://covid19tracker.ca/vaccinationtracker.html,"Moderna, Oxford/AstraZeneca, Pfizer/BioNTech"
2021-05-15,18247895,16809349,1438410,136,Canada,https://covid19tracker.ca/vaccinationtracker.html,"Moderna, Oxford/AstraZeneca, Pfizer/BioNTech"
2021-05-16,18567086,17112877,1454073,136,Canada,https://covid19tracker.ca/vaccinationtracker.html,"Moderna, Oxford/AstraZeneca, Pfizer/BioNTech"
2021-05-17,18959495,17490604,1468753,138,Canada,https://covid19tracker.ca/vaccinationtracker.html,"Moderna, Oxford/AstraZeneca, Pfizer/BioNTech"
2021-05-18,19246523,17749481,1496899,143,Canada,https://covid19tracker.ca/vaccinationtracker.html,"Moderna, Oxford/AstraZeneca, Pfizer/BioNTech"
2021-05-19,19606459,18072829,1533482,148,Canada,https://covid19tracker.ca/vaccinationtracker.html,"Moderna, Oxford/AstraZeneca, Pfizer/BioNTech"
2021-05-20,20007651,18429578,1577918,155,Canada,https://covid19tracker.ca/vaccinationtracker.html,"Moderna, Oxford/AstraZeneca, Pfizer/BioNTech"
2021-05-21,20493130,18860847,1632116,167,Canada,https://covid19tracker.ca/vaccinationtracker.html,"Moderna, Oxford/AstraZeneca, Pfizer/BioNTech"
2021-05-22,20885255,19202644,1682439,172,Canada,https://covid19tracker.ca/vaccinationtracker.html,"Moderna, Oxford/AstraZeneca, Pfizer/BioNTech"
2021-05-23,21195939,19489344,1706422,173,Canada,https://covid19tracker.ca/vaccinationtracker.html,"Moderna, Oxford/AstraZeneca, Pfizer/BioNTech"
2021-05-24,21553634,19827102,1726353,179,Canada,https://covid19tracker.ca/vaccinationtracker.html,"Moderna, Oxford/AstraZeneca, Pfizer/BioNTech"
2021-05-25,21809252,20059706,1749364,182,Canada,https://covid19tracker.ca/vaccinationtracker.html,"Moderna, Oxford/AstraZeneca, Pfizer/BioNTech"
2021-05-26,22132952,20329921,1802839,192,Canada,https://covid19tracker.ca/vaccinationtracker.html,"Moderna, Oxford/AstraZeneca, Pfizer/BioNTech"
2021-05-27,22526929,20660701,1866028,200,Canada,https://covid19tracker.ca/vaccinationtracker.html,"Moderna, Oxford/AstraZeneca, Pfizer/BioNTech"
2021-05-28,22986423,21048330,1937880,213,Canada,https://covid19tracker.ca/vaccinationtracker.html,"Moderna, Oxford/AstraZeneca, Pfizer/BioNTech"
2021-05-29,23334573,21326620,2007728,225,Canada,https://covid19tracker.ca/vaccinationtracker.html,"Moderna, Oxford/AstraZeneca, Pfizer/BioNTech"
2021-05-30,23653722,21579657,2073831,234,Canada,https://covid19tracker.ca/vaccinationtracker.html,"Moderna, Oxford/AstraZeneca, Pfizer/BioNTech"
2021-05-31,24044213,21904602,2139372,239,Canada,https://covid19tracker.ca/vaccinationtracker.html,"Moderna, Oxford/AstraZeneca, Pfizer/BioNTech"
2021-06-01,24359529,22136342,2222934,253,Canada,https://covid19tracker.ca/vaccinationtracker.html,"Moderna, Oxford/AstraZeneca, Pfizer/BioNTech"
2021-06-02,24706623,22382018,2324317,288,Canada,https://covid19tracker.ca/vaccinationtracker.html,"Moderna, Oxford/AstraZeneca, Pfizer/BioNTech"
2021-06-03,25121572,22656832,2464435,305,Canada,https://covid19tracker.ca/vaccinationtracker.html,"Moderna, Oxford/AstraZeneca, Pfizer/BioNTech"
2021-06-04,25582670,22947709,2634629,332,Canada,https://covid19tracker.ca/vaccinationtracker.html,"Moderna, Oxford/AstraZeneca, Pfizer/BioNTech"
2021-06-05,25962382,23182206,2779839,337,Canada,https://covid19tracker.ca/vaccinationtracker.html,"Moderna, Oxford/AstraZeneca, Pfizer/BioNTech"
2021-06-06,26286446,23379680,2906415,351,Canada,https://covid19tracker.ca/vaccinationtracker.html,"Moderna, Oxford/AstraZeneca, Pfizer/BioNTech"
2021-06-07,26695186,23634136,3060695,355,Canada,https://covid19tracker.ca/vaccinationtracker.html,"Moderna, Oxford/AstraZeneca, Pfizer/BioNTech"
2021-06-08,27048281,23797081,3250832,368,Canada,https://covid19tracker.ca/vaccinationtracker.html,"Moderna, Oxford/AstraZeneca, Pfizer/BioNTech"
2021-06-09,27453043,23962384,3490278,381,Canada,https://covid19tracker.ca/vaccinationtracker.html,"Moderna, Oxford/AstraZeneca, Pfizer/BioNTech"
2021-06-10,27930998,24139940,3790654,404,Canada,https://covid19tracker.ca/vaccinationtracker.html,"Moderna, Oxford/AstraZeneca, Pfizer/BioNTech"
2021-06-11,28433926,24313782,4119724,420,Canada,https://covid19tracker.ca/vaccinationtracker.html,"Moderna, Oxford/AstraZeneca, Pfizer/BioNTech"
2021-06-12,28853770,24441547,4411774,449,Canada,https://covid19tracker.ca/vaccinationtracker.html,"Moderna, Oxford/AstraZeneca, Pfizer/BioNTech"
2021-06-13,29232467,24558503,4673490,474,Canada,https://covid19tracker.ca/vaccinationtracker.html,"Moderna, Oxford/AstraZeneca, Pfizer/BioNTech"
2021-06-14,29680141,24689182,4990454,505,Canada,https://covid19tracker.ca/vaccinationtracker.html,"Moderna, Oxford/AstraZeneca, Pfizer/BioNTech"
2021-06-15,30128938,24806909,5321491,538,Canada,https://covid19tracker.ca/vaccinationtracker.html,"Moderna, Oxford/AstraZeneca, Pfizer/BioNTech"
2021-06-16,30593981,24904803,5688609,569,Canada,https://covid19tracker.ca/vaccinationtracker.html,"Moderna, Oxford/AstraZeneca, Pfizer/BioNTech"
2021-06-17,31101525,25008950,6091976,599,Canada,https://covid19tracker.ca/vaccinationtracker.html,"Moderna, Oxford/AstraZeneca, Pfizer/BioNTech"
2021-06-18,31637365,25106893,6529841,631,Canada,https://covid19tracker.ca/vaccinationtracker.html,"Moderna, Oxford/AstraZeneca, Pfizer/BioNTech"
2021-06-19,32059500,25174507,6884300,693,Canada,https://covid19tracker.ca/vaccinationtracker.html,"Moderna, Oxford/AstraZeneca, Pfizer/BioNTech"
2021-06-20,32410101,25234735,7174655,711,Canada,https://covid19tracker.ca/vaccinationtracker.html,"Moderna, Oxford/AstraZeneca, Pfizer/BioNTech"
2021-06-21,32816499,25314986,7500787,726,Canada,https://covid19tracker.ca/vaccinationtracker.html,"Moderna, Oxford/AstraZeneca, Pfizer/BioNTech"
2021-06-22,33288966,25378143,7910062,761,Canada,https://covid19tracker.ca/vaccinationtracker.html,"Moderna, Oxford/AstraZeneca, Pfizer/BioNTech"
2021-06-23,33805698,25437307,8367587,804,Canada,https://covid19tracker.ca/vaccinationtracker.html,"Moderna, Oxford/AstraZeneca, Pfizer/BioNTech"
2021-06-24,34398287,25505965,8891448,874,Canada,https://covid19tracker.ca/vaccinationtracker.html,"Moderna, Oxford/AstraZeneca, Pfizer/BioNTech"
2021-06-25,34920239,25562606,9356738,895,Canada,https://covid19tracker.ca/vaccinationtracker.html,"Moderna, Oxford/AstraZeneca, Pfizer/BioNTech"
2021-06-26,35364667,25607025,9756704,938,Canada,https://covid19tracker.ca/vaccinationtracker.html,"Moderna, Oxford/AstraZeneca, Pfizer/BioNTech"
2021-06-27,35724160,25648576,10074606,978,Canada,https://covid19tracker.ca/vaccinationtracker.html,"Moderna, Oxford/AstraZeneca, Pfizer/BioNTech"
2021-06-28,36429032,25731809,10696229,994,Canada,https://covid19tracker.ca/vaccinationtracker.html,"Moderna, Oxford/AstraZeneca, Pfizer/BioNTech"
2021-06-29,37016794,25789157,11226601,1036,Canada,https://covid19tracker.ca/vaccinationtracker.html,"Moderna, Oxford/AstraZeneca, Pfizer/BioNTech"
2021-06-30,37623521,25845418,11777015,1088,Canada,https://covid19tracker.ca/vaccinationtracker.html,"Moderna, Oxford/AstraZeneca, Pfizer/BioNTech"
2021-07-01,38086029,25886381,12198449,1199,Canada,https://covid19tracker.ca/vaccinationtracker.html,"Moderna, Oxford/AstraZeneca, Pfizer/BioNTech"
2021-07-02,38653459,25942696,12709499,1264,Canada,https://covid19tracker.ca/vaccinationtracker.html,"Moderna, Oxford/AstraZeneca, Pfizer/BioNTech"
2021-07-03,39014781,25973232,13040223,1326,Canada,https://covid19tracker.ca/vaccinationtracker.html,"Moderna, Oxford/AstraZeneca, Pfizer/BioNTech"
2021-07-04,39335826,26003481,13330977,1368,Canada,https://covid19tracker.ca/vaccinationtracker.html,"Moderna, Oxford/AstraZeneca, Pfizer/BioNTech"
2021-07-05,39937457,26059596,13875942,1919,Canada,https://covid19tracker.ca/vaccinationtracker.html,"Moderna, Oxford/AstraZeneca, Pfizer/BioNTech"
2021-07-06,40419884,26101654,14315781,2449,Canada,https://covid19tracker.ca/vaccinationtracker.html,"Moderna, Oxford/AstraZeneca, Pfizer/BioNTech"
2021-07-07,40923314,26144701,14776073,2540,Canada,https://covid19tracker.ca/vaccinationtracker.html,"Moderna, Oxford/AstraZeneca, Pfizer/BioNTech"
2021-07-08,41544930,26204526,15337774,2630,Canada,https://covid19tracker.ca/vaccinationtracker.html,"Moderna, Oxford/AstraZeneca, Pfizer/BioNTech"
2021-07-09,42091149,26255387,15833068,2694,Canada,https://covid19tracker.ca/vaccinationtracker.html,"Moderna, Oxford/AstraZeneca, Pfizer/BioNTech"
2021-07-10,42457010,26289428,16164820,2762,Canada,https://covid19tracker.ca/vaccinationtracker.html,"Moderna, Oxford/AstraZeneca, Pfizer/BioNTech"
2021-07-11,42742807,26316870,16423137,2800,Canada,https://covid19tracker.ca/vaccinationtracker.html,"Moderna, Oxford/AstraZeneca, Pfizer/BioNTech"
2021-07-12,43247614,26370609,16874174,2831,Canada,https://covid19tracker.ca/vaccinationtracker.html,"Moderna, Oxford/AstraZeneca, Pfizer/BioNTech"
2021-07-13,43663040,26408977,17251190,2873,Canada,https://covid19tracker.ca/vaccinationtracker.html,"Moderna, Oxford/AstraZeneca, Pfizer/BioNTech"
2021-07-14,44089446,26452798,17633712,2936,Canada,https://covid19tracker.ca/vaccinationtracker.html,"Moderna, Oxford/AstraZeneca, Pfizer/BioNTech"
2021-07-15,44527966,26498293,18026673,3000,Canada,https://covid19tracker.ca/vaccinationtracker.html,"Moderna, Oxford/AstraZeneca, Pfizer/BioNTech"
2021-07-16,44959953,26544224,18412670,3059,Canada,https://covid19tracker.ca/vaccinationtracker.html,"Moderna, Oxford/AstraZeneca, Pfizer/BioNTech"
2021-07-17,45261806,26576967,18681730,3109,Canada,https://covid19tracker.ca/vaccinationtracker.html,"Moderna, Oxford/AstraZeneca, Pfizer/BioNTech"
2021-07-18,45487133,26600756,18883226,3151,Canada,https://covid19tracker.ca/vaccinationtracker.html,"Moderna, Oxford/AstraZeneca, Pfizer/BioNTech"
2021-07-19,45913406,26643752,19266488,3166,Canada,https://covid19tracker.ca/vaccinationtracker.html,"Moderna, Oxford/AstraZeneca, Pfizer/BioNTech"
2021-07-20,46248544,26679986,19565346,3212,Canada,https://covid19tracker.ca/vaccinationtracker.html,"Moderna, Oxford/AstraZeneca, Pfizer/BioNTech"
2021-07-21,46634022,26719727,19911026,3269,Canada,https://covid19tracker.ca/vaccinationtracker.html,"Moderna, Oxford/AstraZeneca, Pfizer/BioNTech"
2021-07-22,47015381,26761934,20250112,3335,Canada,https://covid19tracker.ca/vaccinationtracker.html,"Moderna, Oxford/AstraZeneca, Pfizer/BioNTech"
2021-07-23,47370487,26802804,20564275,3408,Canada,https://covid19tracker.ca/vaccinationtracker.html,"Moderna, Oxford/AstraZeneca, Pfizer/BioNTech"
2021-07-24,47619531,26833505,20782543,3483,Canada,https://covid19tracker.ca/vaccinationtracker.html,"Moderna, Oxford/AstraZeneca, Pfizer/BioNTech"
2021-07-25,47816429,26856687,20956131,3611,Canada,https://covid19tracker.ca/vaccinationtracker.html,"Moderna, Oxford/AstraZeneca, Pfizer/BioNTech"
2021-07-26,48207566,26898339,21305320,3907,Canada,https://covid19tracker.ca/vaccinationtracker.html,"Moderna, Oxford/AstraZeneca, Pfizer/BioNTech"
2021-07-27,48486561,26934856,21547378,4327,Canada,https://covid19tracker.ca/vaccinationtracker.html,"Moderna, Oxford/AstraZeneca, Pfizer/BioNTech"
2021-07-28,48761871,26973901,21783246,4724,Canada,https://covid19tracker.ca/vaccinationtracker.html,"Moderna, Oxford/AstraZeneca, Pfizer/BioNTech"
2021-07-29,49031961,27013307,22013594,5060,Canada,https://covid19tracker.ca/vaccinationtracker.html,"Moderna, Oxford/AstraZeneca, Pfizer/BioNTech"
2021-07-30,49289539,27051872,22232299,5368,Canada,https://covid19tracker.ca/vaccinationtracker.html,"Moderna, Oxford/AstraZeneca, Pfizer/BioNTech"
2021-07-31,49470959,27077832,22387380,5747,Canada,https://covid19tracker.ca/vaccinationtracker.html,"Moderna, Oxford/AstraZeneca, Pfizer/BioNTech"
2021-08-01,49616106,27098398,22511719,5989,Canada,https://covid19tracker.ca/vaccinationtracker.html,"Moderna, Oxford/AstraZeneca, Pfizer/BioNTech"
2021-08-02,49710219,27110830,22593165,6224,Canada,https://covid19tracker.ca/vaccinationtracker.html,"Moderna, Oxford/AstraZeneca, Pfizer/BioNTech"
2021-08-03,49988662,27149732,22832377,6553,Canada,https://covid19tracker.ca/vaccinationtracker.html,"Moderna, Oxford/AstraZeneca, Pfizer/BioNTech"
2021-08-04,50155597,27178417,22970291,6889,Canada,https://covid19tracker.ca/vaccinationtracker.html,"Moderna, Oxford/AstraZeneca, Pfizer/BioNTech"
2021-08-05,50344921,27212712,23124940,7269,Canada,https://covid19tracker.ca/vaccinationtracker.html,"Moderna, Oxford/AstraZeneca, Pfizer/BioNTech"
2021-08-06,50520186,27244882,23267561,7743,Canada,https://covid19tracker.ca/vaccinationtracker.html,"Moderna, Oxford/AstraZeneca, Pfizer/BioNTech"
2021-08-07,50647751,27267830,23371594,8327,Canada,https://covid19tracker.ca/vaccinationtracker.html,"Moderna, Oxford/AstraZeneca, Pfizer/BioNTech"
2021-08-08,50747777,27284540,23454583,8654,Canada,https://covid19tracker.ca/vaccinationtracker.html,"Moderna, Oxford/AstraZeneca, Pfizer/BioNTech"
2021-08-09,50933216,27317418,23606901,8897,Canada,https://covid19tracker.ca/vaccinationtracker.html,"Moderna, Oxford/AstraZeneca, Pfizer/BioNTech"
2021-08-10,51069640,27343710,23716572,9358,Canada,https://covid19tracker.ca/vaccinationtracker.html,"Moderna, Oxford/AstraZeneca, Pfizer/BioNTech"
2021-08-11,51206586,27371338,23825448,9800,Canada,https://covid19tracker.ca/vaccinationtracker.html,"Moderna, Oxford/AstraZeneca, Pfizer/BioNTech"
2021-08-12,51358843,27403571,23945055,10217,Canada,https://covid19tracker.ca/vaccinationtracker.html,"Moderna, Oxford/AstraZeneca, Pfizer/BioNTech"
2021-08-13,51506090,27437068,24058265,10757,Canada,https://covid19tracker.ca/vaccinationtracker.html,"Moderna, Oxford/AstraZeneca, Pfizer/BioNTech"
2021-08-14,51622174,27460495,24150376,11303,Canada,https://covid19tracker.ca/vaccinationtracker.html,"Moderna, Oxford/AstraZeneca, Pfizer/BioNTech"
2021-08-15,51720010,27479208,24229135,11667,Canada,https://covid19tracker.ca/vaccinationtracker.html,"Moderna, Oxford/AstraZeneca, Pfizer/BioNTech"
2021-08-16,51884318,27511998,24360417,11903,Canada,https://covid19tracker.ca/vaccinationtracker.html,"Moderna, Oxford/AstraZeneca, Pfizer/BioNTech"
2021-08-17,52021363,27540725,24468327,12311,Canada,https://covid19tracker.ca/vaccinationtracker.html,"Moderna, Oxford/AstraZeneca, Pfizer/BioNTech"
2021-08-18,52146089,27570733,24562578,12778,Canada,https://covid19tracker.ca/vaccinationtracker.html,"Moderna, Oxford/AstraZeneca, Pfizer/BioNTech"
2021-08-19,52283079,27607746,24662016,13317,Canada,https://covid19tracker.ca/vaccinationtracker.html,"Moderna, Oxford/AstraZeneca, Pfizer/BioNTech"
2021-08-20,52410922,27644415,24752769,13738,Canada,https://covid19tracker.ca/vaccinationtracker.html,"Moderna, Oxford/AstraZeneca, Pfizer/BioNTech"
2021-08-21,52512015,27670091,24827647,14277,Canada,https://covid19tracker.ca/vaccinationtracker.html,"Moderna, Oxford/AstraZeneca, Pfizer/BioNTech"
2021-08-22,52589744,27688567,24886609,14568,Canada,https://covid19tracker.ca/vaccinationtracker.html,"Moderna, Oxford/AstraZeneca, Pfizer/BioNTech"
2021-08-23,52710678,27718505,24977363,14810,Canada,https://covid19tracker.ca/vaccinationtracker.html,"Moderna, Oxford/AstraZeneca, Pfizer/BioNTech"
2021-08-24,52826704,27750024,25061440,15240,Canada,https://covid19tracker.ca/vaccinationtracker.html,"Moderna, Oxford/AstraZeneca, Pfizer/BioNTech"
2021-08-25,52931521,27785003,25130840,15678,Canada,https://covid19tracker.ca/vaccinationtracker.html,"Moderna, Oxford/AstraZeneca, Pfizer/BioNTech"
2021-08-26,53054120,27825161,25212788,16171,Canada,https://covid19tracker.ca/vaccinationtracker.html,"Moderna, Oxford/AstraZeneca, Pfizer/BioNTech"
2021-08-27,53169318,27864796,25287857,16665,Canada,https://covid19tracker.ca/vaccinationtracker.html,"Moderna, Oxford/AstraZeneca, Pfizer/BioNTech"
2021-08-28,53249921,27889838,25342835,17248,Canada,https://covid19tracker.ca/vaccinationtracker.html,"Moderna, Oxford/AstraZeneca, Pfizer/BioNTech"
2021-08-29,53317536,27909280,25390521,17735,Canada,https://covid19tracker.ca/vaccinationtracker.html,"Moderna, Oxford/AstraZeneca, Pfizer/BioNTech"
2021-08-30,53440920,27952390,25470481,18049,Canada,https://covid19tracker.ca/vaccinationtracker.html,"Moderna, Oxford/AstraZeneca, Pfizer/BioNTech"
2021-08-31,53522592,27981654,25522469,18469,Canada,https://covid19tracker.ca/vaccinationtracker.html,"Moderna, Oxford/AstraZeneca, Pfizer/BioNTech"
2021-09-01,53620277,28016281,25584772,19224,Canada,https://covid19tracker.ca/vaccinationtracker.html,"Moderna, Oxford/AstraZeneca, Pfizer/BioNTech"
2021-09-02,53714453,28054716,25639431,20306,Canada,https://covid19tracker.ca/vaccinationtracker.html,"Moderna, Oxford/AstraZeneca, Pfizer/BioNTech"
2021-09-03,53823588,28101110,25700512,21966,Canada,https://covid19tracker.ca/vaccinationtracker.html,"Moderna, Oxford/AstraZeneca, Pfizer/BioNTech"
2021-09-04,53905571,28134484,25747396,23691,Canada,https://covid19tracker.ca/vaccinationtracker.html,"Moderna, Oxford/AstraZeneca, Pfizer/BioNTech"
2021-09-05,53967584,28157918,25784756,24910,Canada,https://covid19tracker.ca/vaccinationtracker.html,"Moderna, Oxford/AstraZeneca, Pfizer/BioNTech"
2021-09-06,54004148,28172537,25805919,25692,Canada,https://covid19tracker.ca/vaccinationtracker.html,"Moderna, Oxford/AstraZeneca, Pfizer/BioNTech"
2021-09-07,54106536,28214475,25865743,26318,Canada,https://covid19tracker.ca/vaccinationtracker.html,"Moderna, Oxford/AstraZeneca, Pfizer/BioNTech"
2021-09-08,54190925,28250288,25912719,27918,Canada,https://covid19tracker.ca/vaccinationtracker.html,"Moderna, Oxford/AstraZeneca, Pfizer/BioNTech"
2021-09-09,54288609,28292302,25966534,29773,Canada,https://covid19tracker.ca/vaccinationtracker.html,"Moderna, Oxford/AstraZeneca, Pfizer/BioNTech"
2021-09-10,54386672,28334120,26020881,31671,Canada,https://covid19tracker.ca/vaccinationtracker.html,"Moderna, Oxford/AstraZeneca, Pfizer/BioNTech"
2021-09-11,54459532,28361890,26064138,33504,Canada,https://covid19tracker.ca/vaccinationtracker.html,"Moderna, Oxford/AstraZeneca, Pfizer/BioNTech"
2021-09-12,54516495,28382069,26099511,34915,Canada,https://covid19tracker.ca/vaccinationtracker.html,"Moderna, Oxford/AstraZeneca, Pfizer/BioNTech"
2021-09-13,54615893,28425312,26154794,35787,Canada,https://covid19tracker.ca/vaccinationtracker.html,"Moderna, Oxford/AstraZeneca, Pfizer/BioNTech"
2021-09-14,54689022,28457894,26194141,36987,Canada,https://covid19tracker.ca/vaccinationtracker.html,"Moderna, Oxford/AstraZeneca, Pfizer/BioNTech"
2021-09-15,54772324,28494373,26239691,38260,Canada,https://covid19tracker.ca/vaccinationtracker.html,"Moderna, Oxford/AstraZeneca, Pfizer/BioNTech"
2021-09-16,54868256,28534652,26293528,40076,Canada,https://covid19tracker.ca/vaccinationtracker.html,"Moderna, Oxford/AstraZeneca, Pfizer/BioNTech"
2021-09-17,55026912,28589859,26352305,84748,Canada,https://covid19tracker.ca/vaccinationtracker.html,"Moderna, Oxford/AstraZeneca, Pfizer/BioNTech"
2021-09-18,55095161,28615595,26393131,86435,Canada,https://covid19tracker.ca/vaccinationtracker.html,"Moderna, Oxford/AstraZeneca, Pfizer/BioNTech"
2021-09-19,55150809,28635632,26427590,87587,Canada,https://covid19tracker.ca/vaccinationtracker.html,"Moderna, Oxford/AstraZeneca, Pfizer/BioNTech"
2021-09-20,55290461,28702735,26493881,93845,Canada,https://covid19tracker.ca/vaccinationtracker.html,"Moderna, Oxford/AstraZeneca, Pfizer/BioNTech"
2021-09-21,55389206,28746736,26544754,97716,Canada,https://covid19tracker.ca/vaccinationtracker.html,"Moderna, Oxford/AstraZeneca, Pfizer/BioNTech"
2021-09-22,55489117,28791808,26595929,101380,Canada,https://covid19tracker.ca/vaccinationtracker.html,"Moderna, Oxford/AstraZeneca, Pfizer/BioNTech"
2021-09-23,55604212,28841028,26656679,106505,Canada,https://covid19tracker.ca/vaccinationtracker.html,"Moderna, Oxford/AstraZeneca, Pfizer/BioNTech"
2021-09-24,55769657,28891425,26721856,156376,Canada,https://covid19tracker.ca/vaccinationtracker.html,"Moderna, Oxford/AstraZeneca, Pfizer/BioNTech"
2021-09-25,55843602,28917774,26768029,157799,Canada,https://covid19tracker.ca/vaccinationtracker.html,"Moderna, Oxford/AstraZeneca, Pfizer/BioNTech"
2021-09-26,55912028,28942417,26810752,158859,Canada,https://covid19tracker.ca/vaccinationtracker.html,"Moderna, Oxford/AstraZeneca, Pfizer/BioNTech"
2021-09-27,56033228,28992564,26871907,168757,Canada,https://covid19tracker.ca/vaccinationtracker.html,"Moderna, Oxford/AstraZeneca, Pfizer/BioNTech"
2021-09-28,56110965,29024473,26912927,173565,Canada,https://covid19tracker.ca/vaccinationtracker.html,"Moderna, Oxford/AstraZeneca, Pfizer/BioNTech"
2021-09-29,56208837,29066470,26963602,178765,Canada,https://covid19tracker.ca/vaccinationtracker.html,"Moderna, Oxford/AstraZeneca, Pfizer/BioNTech"
2021-09-30,56307777,29103673,27019749,184355,Canada,https://covid19tracker.ca/vaccinationtracker.html,"Moderna, Oxford/AstraZeneca, Pfizer/BioNTech"
2021-10-01,56401624,29133813,27072653,195158,Canada,https://covid19tracker.ca/vaccinationtracker.html,"Moderna, Oxford/AstraZeneca, Pfizer/BioNTech"
2021-10-02,56461278,29153962,27110863,196453,Canada,https://covid19tracker.ca/vaccinationtracker.html,"Moderna, Oxford/AstraZeneca, Pfizer/BioNTech"
2021-10-03,56510821,29171333,27142066,197422,Canada,https://covid19tracker.ca/vaccinationtracker.html,"Moderna, Oxford/AstraZeneca, Pfizer/BioNTech"
2021-10-04,56615399,29209961,27200825,204613,Canada,https://covid19tracker.ca/vaccinationtracker.html,"Moderna, Oxford/AstraZeneca, Pfizer/BioNTech"
2021-10-05,56693262,29240828,27243892,208542,Canada,https://covid19tracker.ca/vaccinationtracker.html,"Moderna, Oxford/AstraZeneca, Pfizer/BioNTech"
2021-10-06,56816067,29273102,27290354,252611,Canada,https://covid19tracker.ca/vaccinationtracker.html,"Moderna, Oxford/AstraZeneca, Pfizer/BioNTech"
2021-10-07,56901164,29304350,27335116,261698,Canada,https://covid19tracker.ca/vaccinationtracker.html,"Moderna, Oxford/AstraZeneca, Pfizer/BioNTech"
2021-10-08,56997550,29337829,27384822,274899,Canada,https://covid19tracker.ca/vaccinationtracker.html,"Moderna, Oxford/AstraZeneca, Pfizer/BioNTech"
2021-10-09,57059166,29360607,27422472,276087,Canada,https://covid19tracker.ca/vaccinationtracker.html,"Moderna, Oxford/AstraZeneca, Pfizer/BioNTech"
2021-10-10,57109440,29378223,27454346,276871,Canada,https://covid19tracker.ca/vaccinationtracker.html,"Moderna, Oxford/AstraZeneca, Pfizer/BioNTech"
2021-10-11,57135641,29388675,27469726,277240,Canada,https://covid19tracker.ca/vaccinationtracker.html,"Moderna, Oxford/AstraZeneca, Pfizer/BioNTech"
2021-10-12,57247075,29431989,27519379,295707,Canada,https://covid19tracker.ca/vaccinationtracker.html,"Moderna, Oxford/AstraZeneca, Pfizer/BioNTech"
2021-10-13,57336259,29447208,27567014,322037,Canada,https://covid19tracker.ca/vaccinationtracker.html,"Moderna, Oxford/AstraZeneca, Pfizer/BioNTech"
2021-10-14,57434341,29478687,27617926,337728,Canada,https://covid19tracker.ca/vaccinationtracker.html,"Moderna, Oxford/AstraZeneca, Pfizer/BioNTech"
2021-10-15,57533492,29512081,27667959,353452,Canada,https://covid19tracker.ca/vaccinationtracker.html,"Moderna, Oxford/AstraZeneca, Pfizer/BioNTech"
2021-10-16,57585027,29528988,27700256,355783,Canada,https://covid19tracker.ca/vaccinationtracker.html,"Moderna, Oxford/AstraZeneca, Pfizer/BioNTech"
2021-10-17,57629976,29544360,27728845,356771,Canada,https://covid19tracker.ca/vaccinationtracker.html,"Moderna, Oxford/AstraZeneca, Pfizer/BioNTech"
2021-10-18,57739875,29570709,27786831,382335,Canada,https://covid19tracker.ca/vaccinationtracker.html,"Moderna, Oxford/AstraZeneca, Pfizer/BioNTech"
2021-10-19,57814321,29589844,27823167,401310,Canada,https://covid19tracker.ca/vaccinationtracker.html,"Moderna, Oxford/AstraZeneca, Pfizer/BioNTech"
2021-10-20,57895734,29612289,27867936,415509,Canada,https://covid19tracker.ca/vaccinationtracker.html,"Moderna, Oxford/AstraZeneca, Pfizer/BioNTech"
2021-10-21,57981475,29638646,27911132,431697,Canada,https://covid19tracker.ca/vaccinationtracker.html,"Moderna, Oxford/AstraZeneca, Pfizer/BioNTech"
2021-10-22,58072219,29663857,27959562,448800,Canada,https://covid19tracker.ca/vaccinationtracker.html,"Moderna, Oxford/AstraZeneca, Pfizer/BioNTech"
2021-10-23,58118832,29678414,27987868,452550,Canada,https://covid19tracker.ca/vaccinationtracker.html,"Moderna, Oxford/AstraZeneca, Pfizer/BioNTech"
2021-10-24,58157016,29690913,28012550,453553,Canada,https://covid19tracker.ca/vaccinationtracker.html,"Moderna, Oxford/AstraZeneca, Pfizer/BioNTech"
2021-10-25,58259082,29711723,28072021,475338,Canada,https://covid19tracker.ca/vaccinationtracker.html,"Moderna, Oxford/AstraZeneca, Pfizer/BioNTech"
2021-10-26,58340522,29730489,28112693,497340,Canada,https://covid19tracker.ca/vaccinationtracker.html,"Moderna, Oxford/AstraZeneca, Pfizer/BioNTech"
2021-10-27,58413536,29748337,28152571,512628,Canada,https://covid19tracker.ca/vaccinationtracker.html,"Moderna, Oxford/AstraZeneca, Pfizer/BioNTech"
2021-10-28,58494104,29771258,28192865,529981,Canada,https://covid19tracker.ca/vaccinationtracker.html,"Moderna, Oxford/AstraZeneca, Pfizer/BioNTech"
2021-10-29,58568546,29795984,28232377,540185,Canada,https://covid19tracker.ca/vaccinationtracker.html,"Moderna, Oxford/AstraZeneca, Pfizer/BioNTech"
2021-10-30,58610049,29807545,28257350,545154,Canada,https://covid19tracker.ca/vaccinationtracker.html,"Moderna, Oxford/AstraZeneca, Pfizer/BioNTech"
2021-10-31,58643961,29817659,28279830,546472,Canada,https://covid19tracker.ca/vaccinationtracker.html,"Moderna, Oxford/AstraZeneca, Pfizer/BioNTech"
2021-11-01,58730438,29830316,28324425,575697,Canada,https://covid19tracker.ca/vaccinationtracker.html,"Moderna, Oxford/AstraZeneca, Pfizer/BioNTech"
2021-11-02,58784397,29837659,28344920,601818,Canada,https://covid19tracker.ca/vaccinationtracker.html,"Moderna, Oxford/AstraZeneca, Pfizer/BioNTech"
2021-11-03,58857890,29854583,28378899,624408,Canada,https://covid19tracker.ca/vaccinationtracker.html,"Moderna, Oxford/AstraZeneca, Pfizer/BioNTech"
2021-11-04,58932154,29873192,28413803,645159,Canada,https://covid19tracker.ca/vaccinationtracker.html,"Moderna, Oxford/AstraZeneca, Pfizer/BioNTech"
2021-11-05,59001484,29888975,28446484,666025,Canada,https://covid19tracker.ca/vaccinationtracker.html,"Moderna, Oxford/AstraZeneca, Pfizer/BioNTech"
2021-11-06,59030566,29896537,28460762,673267,Canada,https://covid19tracker.ca/vaccinationtracker.html,"Moderna, Oxford/AstraZeneca, Pfizer/BioNTech"
2021-11-07,59058837,29905233,28478586,675018,Canada,https://covid19tracker.ca/vaccinationtracker.html,"Moderna, Oxford/AstraZeneca, Pfizer/BioNTech"
2021-11-08,59151363,29923805,28522761,704797,Canada,https://covid19tracker.ca/vaccinationtracker.html,"Moderna, Oxford/AstraZeneca, Pfizer/BioNTech"
2021-11-09,59220956,29932808,28546442,741706,Canada,https://covid19tracker.ca/vaccinationtracker.html,"Moderna, Oxford/AstraZeneca, Pfizer/BioNTech"
2021-11-10,59306370,29956848,28581680,767842,Canada,https://covid19tracker.ca/vaccinationtracker.html,"Moderna, Oxford/AstraZeneca, Pfizer/BioNTech"
2021-11-11,59345621,29967475,28601371,776775,Canada,https://covid19tracker.ca/vaccinationtracker.html,"Moderna, Oxford/AstraZeneca, Pfizer/BioNTech"
2021-11-12,59434915,29985593,28638949,810373,Canada,https://covid19tracker.ca/vaccinationtracker.html,"Moderna, Oxford/AstraZeneca, Pfizer/BioNTech"
2021-11-13,59469137,29995164,28656964,817009,Canada,https://covid19tracker.ca/vaccinationtracker.html,"Moderna, Oxford/AstraZeneca, Pfizer/BioNTech"
2021-11-14,59497243,30003550,28674490,819203,Canada,https://covid19tracker.ca/vaccinationtracker.html,"Moderna, Oxford/AstraZeneca, Pfizer/BioNTech"
2021-11-15,59588259,30019555,28709419,859285,Canada,https://covid19tracker.ca/vaccinationtracker.html,"Moderna, Oxford/AstraZeneca, Pfizer/BioNTech"
2021-11-16,59651699,30031112,28734471,886116,Canada,https://covid19tracker.ca/vaccinationtracker.html,"Moderna, Oxford/AstraZeneca, Pfizer/BioNTech"
2021-11-17,59726397,30049775,28767581,909041,Canada,https://covid19tracker.ca/vaccinationtracker.html,"Moderna, Oxford/AstraZeneca, Pfizer/BioNTech"
2021-11-18,59800462,30067194,28798282,934986,Canada,https://covid19tracker.ca/vaccinationtracker.html,"Moderna, Oxford/AstraZeneca, Pfizer/BioNTech"
2021-11-19,59864356,30080118,28824015,960223,Canada,https://covid19tracker.ca/vaccinationtracker.html,"Moderna, Oxford/AstraZeneca, Pfizer/BioNTech"
2021-11-20,59895301,30089657,28840789,964855,Canada,https://covid19tracker.ca/vaccinationtracker.html,"Moderna, Oxford/AstraZeneca, Pfizer/BioNTech"
2021-11-21,59916364,30096886,28853657,965821,Canada,https://covid19tracker.ca/vaccinationtracker.html,"Moderna, Oxford/AstraZeneca, Pfizer/BioNTech"
2021-11-22,60007606,30111965,28886975,1008666,Canada,https://covid19tracker.ca/vaccinationtracker.html,"Moderna, Oxford/AstraZeneca, Pfizer/BioNTech"
2021-11-23,60042272,30120316,28902173,1019783,Canada,https://covid19tracker.ca/vaccinationtracker.html,"Moderna, Oxford/AstraZeneca, Pfizer/BioNTech"
2021-11-24,60092895,30120731,28914685,1057479,Canada,https://covid19tracker.ca/vaccinationtracker.html,"Moderna, Oxford/AstraZeneca, Pfizer/BioNTech"
2021-11-25,60161246,30137958,28938837,1084451,Canada,https://covid19tracker.ca/vaccinationtracker.html,"Moderna, Oxford/AstraZeneca, Pfizer/BioNTech"
2021-11-26,60246139,30170851,28964204,1111084,Canada,https://covid19tracker.ca/vaccinationtracker.html,"Moderna, Oxford/AstraZeneca, Pfizer/BioNTech"
2021-11-27,60312502,30219727,28977083,1115692,Canada,https://covid19tracker.ca/vaccinationtracker.html,"Moderna, Oxford/AstraZeneca, Pfizer/BioNTech"
2021-11-28,60384704,30280082,28987455,1117167,Canada,https://covid19tracker.ca/vaccinationtracker.html,"Moderna, Oxford/AstraZeneca, Pfizer/BioNTech"
2021-11-29,60520320,30349121,29010256,1160943,Canada,https://covid19tracker.ca/vaccinationtracker.html,"Moderna, Oxford/AstraZeneca, Pfizer/BioNTech"
2021-11-30,60629350,30417327,29024396,1187627,Canada,https://covid19tracker.ca/vaccinationtracker.html,"Moderna, Oxford/AstraZeneca, Pfizer/BioNTech"
2021-12-01,60744308,30470924,29046787,1226597,Canada,https://covid19tracker.ca/vaccinationtracker.html,"Moderna, Oxford/AstraZeneca, Pfizer/BioNTech"
2021-12-02,60866357,30541746,29065178,1259433,Canada,https://covid19tracker.ca/vaccinationtracker.html,"Moderna, Oxford/AstraZeneca, Pfizer/BioNTech"
2021-12-03,61742359,30625408,29082199,2034752,Canada,https://covid19tracker.ca/vaccinationtracker.html,"Moderna, Oxford/AstraZeneca, Pfizer/BioNTech"
2021-12-04,61862436,30681982,29092927,2087527,Canada,https://covid19tracker.ca/vaccinationtracker.html,"Moderna, Oxford/AstraZeneca, Pfizer/BioNTech"
2021-12-05,61964882,30745601,29101542,2117739,Canada,https://covid19tracker.ca/vaccinationtracker.html,"Moderna, Oxford/AstraZeneca, Pfizer/BioNTech"
2021-12-06,62144232,30832950,29122629,2188653,Canada,https://covid19tracker.ca/vaccinationtracker.html,"Moderna, Oxford/AstraZeneca, Pfizer/BioNTech"
2021-12-07,62323366,30890596,29136770,2296000,Canada,https://covid19tracker.ca/vaccinationtracker.html,"Moderna, Oxford/AstraZeneca, Pfizer/BioNTech"
2021-12-08,62502895,30949895,29156877,2396123,Canada,https://covid19tracker.ca/vaccinationtracker.html,"Moderna, Oxford/AstraZeneca, Pfizer/BioNTech"
2021-12-09,62671966,31007415,29167636,2496915,Canada,https://covid19tracker.ca/vaccinationtracker.html,"Moderna, Oxford/AstraZeneca, Pfizer/BioNTech"
2021-12-10,62905060,31049550,29180398,2675112,Canada,https://covid19tracker.ca/vaccinationtracker.html,"Moderna, Oxford/AstraZeneca, Pfizer/BioNTech"
2021-12-11,63033809,31088526,29190602,2754681,Canada,https://covid19tracker.ca/vaccinationtracker.html,"Moderna, Oxford/AstraZeneca, Pfizer/BioNTech"
2021-12-12,63133170,31132338,29197922,2802910,Canada,https://covid19tracker.ca/vaccinationtracker.html,"Moderna, Oxford/AstraZeneca, Pfizer/BioNTech"
